created at,id,run id,run attempt,workflow name,name,head branch,conclusion,step,html url
"19.08.26, 16:53:16",96151344430,32278471056,1,Build and pack DevExtreme npm packages,build,feature/26_2_osm-provider-for-dxmap/tiles,cancelled,Build npm packages,https://github.com/DevExpress/DevExtreme/actions/runs/32278471056/job/96151344430
"19.08.26, 17:01:54",96153956319,32278471056,1,Build and pack DevExtreme npm packages,custom_bundles,feature/26_2_osm-provider-for-dxmap/tiles,cancelled,,https://github.com/DevExpress/DevExtreme/actions/runs/32278471056/job/96153956319
"19.08.26, 11:38:01",96054259411,32248538268,1,Build and pack DevExtreme npm packages,build,kbn_correct_row_indexes_move_main,cancelled,Build npm packages,https://github.com/DevExpress/DevExtreme/actions/runs/32248538268/job/96054259411
"19.08.26, 11:40:34",96054904335,32248538268,1,Build and pack DevExtreme npm packages,custom_bundles,kbn_correct_row_indexes_move_main,cancelled,,https://github.com/DevExpress/DevExtreme/actions/runs/32248538268/job/96054904335
"19.08.26, 10:33:00",96038124647,32243223770,1,Build and pack DevExtreme npm packages,build,feature/remove-systemjs-from-demos-clean,failure,Install dependencies,https://github.com/DevExpress/DevExtreme/actions/runs/32243223770/job/96038124647
"19.08.26, 09:56:02",96028667906,32239338236,1,Build and pack DevExtreme npm packages,custom_bundles,selectionController_26_1,cancelled,,https://github.com/DevExpress/DevExtreme/actions/runs/32239338236/job/96028667906
"19.08.26, 08:12:32",96002034798,32231476655,1,Build and pack DevExtreme npm packages,build,feature/csb-manifest,cancelled,Build npm packages,https://github.com/DevExpress/DevExtreme/actions/runs/32231476655/job/96002034798
"19.08.26, 08:18:40",96003594568,32231476655,1,Build and pack DevExtreme npm packages,custom_bundles,feature/csb-manifest,cancelled,,https://github.com/DevExpress/DevExtreme/actions/runs/32231476655/job/96003594568
"19.08.26, 07:44:46",95995378283,32229249963,1,Build and pack DevExtreme npm packages,build,rename_error_handling_25_2,failure,,https://github.com/DevExpress/DevExtreme/actions/runs/32229249963/job/95995378283
"19.08.26, 07:40:27",95994375723,32228914578,1,Build and pack DevExtreme npm packages,build,26_1,cancelled,Build npm packages,https://github.com/DevExpress/DevExtreme/actions/runs/32228914578/job/95994375723
"19.08.26, 07:49:06",95996404965,32228914578,1,Build and pack DevExtreme npm packages,custom_bundles,26_1,cancelled,,https://github.com/DevExpress/DevExtreme/actions/runs/32228914578/job/95996404965
"19.08.26, 16:53:16",96151344881,32278471015,1,Default Workflow,main,feature/26_2_osm-provider-for-dxmap/tiles,cancelled,,https://github.com/DevExpress/DevExtreme/actions/runs/32278471015/job/96151344881
"19.08.26, 11:38:01",96054259208,32248538305,1,Default Workflow,main,kbn_correct_row_indexes_move_main,cancelled,Run targets,https://github.com/DevExpress/DevExtreme/actions/runs/32248538305/job/96054259208
"19.08.26, 10:33:00",96038124993,32243223833,1,Default Workflow,main,feature/remove-systemjs-from-demos-clean,failure,Install dependencies,https://github.com/DevExpress/DevExtreme/actions/runs/32243223833/job/96038124993
"19.08.26, 08:12:31",96002034341,32231476651,1,Default Workflow,main,feature/csb-manifest,cancelled,Post Setup nx cache,https://github.com/DevExpress/DevExtreme/actions/runs/32231476651/job/96002034341
"19.08.26, 11:38:07",96054284476,32248538350,1,Demos unit tests,Run unit tests,kbn_correct_row_indexes_move_main,cancelled,Post Setup pnpm cache,https://github.com/DevExpress/DevExtreme/actions/runs/32248538350/job/96054284476
"19.08.26, 10:33:08",96038154169,32243223752,1,Demos unit tests,Run unit tests,feature/remove-systemjs-from-demos-clean,failure,Install dependencies,https://github.com/DevExpress/DevExtreme/actions/runs/32243223752/job/96038154169
"19.08.26, 11:47:02",96056524851,32247854955,1,Demos Visual Tests,vue(4/5)-screenshots-fluent.blue.light,25_2,failure,,https://github.com/DevExpress/DevExtreme/actions/runs/32247854955/job/96056524851
"19.08.26, 09:58:12",96029218013,32239408179,1,Demos Visual Tests,jquery(3/3)-screenshots-material.blue.light,selectionController_25_2,failure,,https://github.com/DevExpress/DevExtreme/actions/runs/32239408179/job/96029218013
"19.08.26, 09:58:13",96029218955,32239408179,1,Demos Visual Tests,Lint code base,selectionController_25_2,cancelled,,https://github.com/DevExpress/DevExtreme/actions/runs/32239408179/job/96029218955
"19.08.26, 09:58:13",96029218995,32239408179,1,Demos Visual Tests,Check TS,selectionController_25_2,cancelled,,https://github.com/DevExpress/DevExtreme/actions/runs/32239408179/job/96029218995
"19.08.26, 09:58:13",96029219130,32239408179,1,Demos Visual Tests,Check generated demos (changed only),selectionController_25_2,cancelled,,https://github.com/DevExpress/DevExtreme/actions/runs/32239408179/job/96029219130
"19.08.26, 09:58:13",96029219175,32239408179,1,Demos Visual Tests,Check generated demos (${{ matrix.CONSTEL }}),selectionController_25_2,cancelled,,https://github.com/DevExpress/DevExtreme/actions/runs/32239408179/job/96029219175
"19.08.26, 09:58:13",96029219225,32239408179,1,Demos Visual Tests,Build Demos Bundles,selectionController_25_2,cancelled,,https://github.com/DevExpress/DevExtreme/actions/runs/32239408179/job/96029219225
"19.08.26, 09:58:13",96029219561,32239408179,1,Demos Visual Tests,${{ matrix.CONSTEL }}-screenshots-${{ matrix.THEME }},selectionController_25_2,cancelled,,https://github.com/DevExpress/DevExtreme/actions/runs/32239408179/job/96029219561
"19.08.26, 09:58:13",96029219783,32239408179,1,Demos Visual Tests,${{ matrix.CONSTEL }}-screenshots-${{ matrix.THEME }},selectionController_25_2,cancelled,,https://github.com/DevExpress/DevExtreme/actions/runs/32239408179/job/96029219783
"19.08.26, 09:54:52",96028370487,32238804200,1,Demos Visual Tests,vue(2/5)-screenshots-fluent.blue.light,25_2,failure,Run TestCafe tests,https://github.com/DevExpress/DevExtreme/actions/runs/32238804200/job/96028370487
"19.08.26, 09:54:52",96028370510,32238804200,1,Demos Visual Tests,vue(4/5)-screenshots-fluent.blue.light,25_2,failure,Run TestCafe tests,https://github.com/DevExpress/DevExtreme/actions/runs/32238804200/job/96028370510
"19.08.26, 09:54:52",96028370549,32238804200,1,Demos Visual Tests,vue(5/5)-screenshots-fluent.blue.light,25_2,failure,Run TestCafe tests,https://github.com/DevExpress/DevExtreme/actions/runs/32238804200/job/96028370549
"19.08.26, 08:00:01",95998960128,32229582465,1,Demos Visual Tests,jquery(3/3)-screenshots-material.blue.light,25_2,failure,Run TestCafe tests (jQuery),https://github.com/DevExpress/DevExtreme/actions/runs/32229582465/job/95998960128
"19.08.26, 08:00:01",95998960173,32229582465,1,Demos Visual Tests,jquery(2/3)-screenshots-fluent.blue.light,25_2,failure,Run TestCafe tests (jQuery),https://github.com/DevExpress/DevExtreme/actions/runs/32229582465/job/95998960173
"19.08.26, 08:00:01",95998960190,32229582465,1,Demos Visual Tests,jquery(2/3)-screenshots-material.blue.light,25_2,failure,Run TestCafe tests (jQuery),https://github.com/DevExpress/DevExtreme/actions/runs/32229582465/job/95998960190
"19.08.26, 08:00:01",95998960196,32229582465,1,Demos Visual Tests,jquery(1/3)-screenshots-fluent.blue.light,25_2,failure,Run TestCafe tests (jQuery),https://github.com/DevExpress/DevExtreme/actions/runs/32229582465/job/95998960196
"19.08.26, 08:00:01",95998960209,32229582465,1,Demos Visual Tests,jquery(3/3)-screenshots-fluent.blue.light,25_2,failure,Run TestCafe tests (jQuery),https://github.com/DevExpress/DevExtreme/actions/runs/32229582465/job/95998960209
"19.08.26, 07:55:13",95997839545,32228949339,1,Demos Visual Tests,vue(1/5)-screenshots-fluent.blue.light,25_2,failure,Run TestCafe tests,https://github.com/DevExpress/DevExtreme/actions/runs/32228949339/job/95997839545
"19.08.26, 07:55:13",95997839588,32228949339,1,Demos Visual Tests,vue(2/5)-screenshots-fluent.blue.light,25_2,failure,Run TestCafe tests,https://github.com/DevExpress/DevExtreme/actions/runs/32228949339/job/95997839588
"19.08.26, 07:55:13",95997839608,32228949339,1,Demos Visual Tests,vue(4/5)-screenshots-fluent.blue.light,25_2,failure,Run TestCafe tests,https://github.com/DevExpress/DevExtreme/actions/runs/32228949339/job/95997839608
"19.08.26, 07:55:13",95997839658,32228949339,1,Demos Visual Tests,react(3/3)-screenshots-fluent.blue.light,25_2,failure,Run TestCafe tests,https://github.com/DevExpress/DevExtreme/actions/runs/32228949339/job/95997839658
"19.08.26, 07:55:13",95997839662,32228949339,1,Demos Visual Tests,vue(3/5)-screenshots-fluent.blue.light,25_2,failure,Run TestCafe tests,https://github.com/DevExpress/DevExtreme/actions/runs/32228949339/job/95997839662
"19.08.26, 07:55:13",95997839698,32228949339,1,Demos Visual Tests,angular(9/10)-screenshots-fluent.blue.light,25_2,failure,Run TestCafe tests,https://github.com/DevExpress/DevExtreme/actions/runs/32228949339/job/95997839698
"19.08.26, 07:55:13",95997839710,32228949339,1,Demos Visual Tests,vue(5/5)-screenshots-fluent.blue.light,25_2,failure,Run TestCafe tests,https://github.com/DevExpress/DevExtreme/actions/runs/32228949339/job/95997839710
"19.08.26, 07:55:13",95997839747,32228949339,1,Demos Visual Tests,angular(5/10)-screenshots-fluent.blue.light,25_2,failure,,https://github.com/DevExpress/DevExtreme/actions/runs/32228949339/job/95997839747
"19.08.26, 16:53:16",96151344803,32278471027,1,Lint,JS,feature/26_2_osm-provider-for-dxmap/tiles,cancelled,,https://github.com/DevExpress/DevExtreme/actions/runs/32278471027/job/96151344803
"19.08.26, 16:53:16",96151344843,32278471027,1,Lint,TS,feature/26_2_osm-provider-for-dxmap/tiles,cancelled,Post Setup pnpm cache,https://github.com/DevExpress/DevExtreme/actions/runs/32278471027/job/96151344843
"19.08.26, 17:01:56",96153964172,32278471027,1,Lint,Send notifications,feature/26_2_osm-provider-for-dxmap/tiles,cancelled,,https://github.com/DevExpress/DevExtreme/actions/runs/32278471027/job/96153964172
"19.08.26, 11:38:01",96054259719,32248538322,1,Lint,wrappers,kbn_correct_row_indexes_move_main,cancelled,Post Setup pnpm cache,https://github.com/DevExpress/DevExtreme/actions/runs/32248538322/job/96054259719
"19.08.26, 11:38:01",96054259897,32248538322,1,Lint,JS,kbn_correct_row_indexes_move_main,cancelled,Build,https://github.com/DevExpress/DevExtreme/actions/runs/32248538322/job/96054259897
"19.08.26, 11:38:01",96054259955,32248538322,1,Lint,texts,kbn_correct_row_indexes_move_main,cancelled,Post Setup pnpm cache,https://github.com/DevExpress/DevExtreme/actions/runs/32248538322/job/96054259955
"19.08.26, 11:38:01",96054260035,32248538322,1,Lint,TS,kbn_correct_row_indexes_move_main,cancelled,Install dependencies,https://github.com/DevExpress/DevExtreme/actions/runs/32248538322/job/96054260035
"19.08.26, 11:40:36",96054912439,32248538322,1,Lint,Send notifications,kbn_correct_row_indexes_move_main,cancelled,,https://github.com/DevExpress/DevExtreme/actions/runs/32248538322/job/96054912439
"19.08.26, 10:33:00",96038125092,32243223929,1,Lint,component_exports,feature/remove-systemjs-from-demos-clean,failure,Install dependencies,https://github.com/DevExpress/DevExtreme/actions/runs/32243223929/job/96038125092
"19.08.26, 10:33:00",96038125356,32243223929,1,Lint,wrappers,feature/remove-systemjs-from-demos-clean,failure,Install dependencies,https://github.com/DevExpress/DevExtreme/actions/runs/32243223929/job/96038125356
"19.08.26, 10:33:00",96038125361,32243223929,1,Lint,TS,feature/remove-systemjs-from-demos-clean,failure,Install dependencies,https://github.com/DevExpress/DevExtreme/actions/runs/32243223929/job/96038125361
"19.08.26, 10:33:00",96038125366,32243223929,1,Lint,JS,feature/remove-systemjs-from-demos-clean,failure,Install dependencies,https://github.com/DevExpress/DevExtreme/actions/runs/32243223929/job/96038125366
"19.08.26, 10:33:00",96038125396,32243223929,1,Lint,texts,feature/remove-systemjs-from-demos-clean,failure,Install dependencies,https://github.com/DevExpress/DevExtreme/actions/runs/32243223929/job/96038125396
"19.08.26, 09:58:13",96029220295,32240319288,1,Lint,JS,selectionController_26_1,failure,,https://github.com/DevExpress/DevExtreme/actions/runs/32240319288/job/96029220295
"19.08.26, 09:47:30",96026468208,32239408143,1,Lint,JS,selectionController_25_2,cancelled,Lint JS,https://github.com/DevExpress/DevExtreme/actions/runs/32239408143/job/96026468208
"19.08.26, 09:47:30",96026468446,32239408143,1,Lint,TS,selectionController_25_2,cancelled,Lint TS,https://github.com/DevExpress/DevExtreme/actions/runs/32239408143/job/96026468446
"19.08.26, 09:55:34",96028553362,32239408143,1,Lint,Send notifications,selectionController_25_2,cancelled,,https://github.com/DevExpress/DevExtreme/actions/runs/32239408143/job/96028553362
"19.08.26, 08:12:31",96002034168,32231476539,1,Lint,TS,feature/csb-manifest,cancelled,Lint TS,https://github.com/DevExpress/DevExtreme/actions/runs/32231476539/job/96002034168
"19.08.26, 08:12:31",96002034239,32231476539,1,Lint,JS,feature/csb-manifest,cancelled,Post Setup pnpm cache,https://github.com/DevExpress/DevExtreme/actions/runs/32231476539/job/96002034239
"19.08.26, 08:18:40",96003594404,32231476539,1,Lint,Send notifications,feature/csb-manifest,cancelled,,https://github.com/DevExpress/DevExtreme/actions/runs/32231476539/job/96003594404
"19.08.26, 07:15:45",95988639898,32227012026,1,Lint,TS,typescript/core/26_2_quid,failure,Lint TS,https://github.com/DevExpress/DevExtreme/actions/runs/32227012026/job/95988639898
"19.08.26, 17:00:38",96153570355,32278471145,1,Playgrounds tests,vue,feature/26_2_osm-provider-for-dxmap/tiles,cancelled,Install dependencies,https://github.com/DevExpress/DevExtreme/actions/runs/32278471145/job/96153570355
"19.08.26, 17:00:38",96153570426,32278471145,1,Playgrounds tests,react,feature/26_2_osm-provider-for-dxmap/tiles,cancelled,Install dependencies,https://github.com/DevExpress/DevExtreme/actions/runs/32278471145/job/96153570426
"19.08.26, 17:00:38",96153570509,32278471145,1,Playgrounds tests,angular,feature/26_2_osm-provider-for-dxmap/tiles,cancelled,Install dependencies,https://github.com/DevExpress/DevExtreme/actions/runs/32278471145/job/96153570509
"19.08.26, 11:38:01",96054259703,32248538292,1,Playgrounds tests,build,kbn_correct_row_indexes_move_main,cancelled,Install dependencies,https://github.com/DevExpress/DevExtreme/actions/runs/32248538292/job/96054259703
"19.08.26, 11:39:54",96054727875,32248538292,1,Playgrounds tests,matrix.ARGS.platform,kbn_correct_row_indexes_move_main,cancelled,,https://github.com/DevExpress/DevExtreme/actions/runs/32248538292/job/96054727875
"19.08.26, 10:33:00",96038124745,32243223769,1,Playgrounds tests,build,feature/remove-systemjs-from-demos-clean,failure,Install dependencies,https://github.com/DevExpress/DevExtreme/actions/runs/32243223769/job/96038124745
"19.08.26, 09:54:39",96028314778,32239408095,1,Playgrounds tests,angular,selectionController_25_2,cancelled,Install dependencies,https://github.com/DevExpress/DevExtreme/actions/runs/32239408095/job/96028314778
"19.08.26, 09:54:39",96028314807,32239408095,1,Playgrounds tests,vue,selectionController_25_2,cancelled,Install dependencies,https://github.com/DevExpress/DevExtreme/actions/runs/32239408095/job/96028314807
"19.08.26, 09:54:39",96028314822,32239408095,1,Playgrounds tests,react,selectionController_25_2,cancelled,Install dependencies,https://github.com/DevExpress/DevExtreme/actions/runs/32239408095/job/96028314822
"19.08.26, 09:40:26",96024634933,32238804106,1,Playgrounds tests,build,25_2,cancelled,Post Setup pnpm cache,https://github.com/DevExpress/DevExtreme/actions/runs/32238804106/job/96024634933
"19.08.26, 08:12:32",96002034478,32231476587,1,Playgrounds tests,build,feature/csb-manifest,cancelled,,https://github.com/DevExpress/DevExtreme/actions/runs/32231476587/job/96002034478
"19.08.26, 08:18:21",96003515513,32231476587,1,Playgrounds tests,matrix.ARGS.platform,feature/csb-manifest,cancelled,,https://github.com/DevExpress/DevExtreme/actions/runs/32231476587/job/96003515513
"19.08.26, 17:00:16",96153446210,32278471048,1,QUnit tests,ui.grid-shadow-dom,feature/26_2_osm-provider-for-dxmap/tiles,cancelled,Run QUnit tests,https://github.com/DevExpress/DevExtreme/actions/runs/32278471048/job/96153446210
"19.08.26, 17:00:16",96153446231,32278471048,1,QUnit tests,ui.widgets-shadow-dom,feature/26_2_osm-provider-for-dxmap/tiles,cancelled,Run QUnit tests,https://github.com/DevExpress/DevExtreme/actions/runs/32278471048/job/96153446231
"19.08.26, 17:00:16",96153446237,32278471048,1,QUnit tests,ui.editors-shadow-dom,feature/26_2_osm-provider-for-dxmap/tiles,cancelled,Run QUnit tests,https://github.com/DevExpress/DevExtreme/actions/runs/32278471048/job/96153446237
"19.08.26, 17:00:16",96153446285,32278471048,1,QUnit tests,ui.scheduler-shadow-dom,feature/26_2_osm-provider-for-dxmap/tiles,cancelled,Run QUnit tests,https://github.com/DevExpress/DevExtreme/actions/runs/32278471048/job/96153446285
"19.08.26, 17:00:16",96153446295,32278471048,1,QUnit tests,ui-shadow-dom,feature/26_2_osm-provider-for-dxmap/tiles,cancelled,Run QUnit tests,https://github.com/DevExpress/DevExtreme/actions/runs/32278471048/job/96153446295
"19.08.26, 17:00:16",96153446297,32278471048,1,QUnit tests,Constel ui.scheduler,feature/26_2_osm-provider-for-dxmap/tiles,cancelled,Run QUnit tests,https://github.com/DevExpress/DevExtreme/actions/runs/32278471048/job/96153446297
"19.08.26, 17:00:16",96153446325,32278471048,1,QUnit tests,Constel ui.editors,feature/26_2_osm-provider-for-dxmap/tiles,cancelled,Run QUnit tests,https://github.com/DevExpress/DevExtreme/actions/runs/32278471048/job/96153446325
"19.08.26, 17:00:16",96153446341,32278471048,1,QUnit tests,Constel ui,feature/26_2_osm-provider-for-dxmap/tiles,cancelled,Run QUnit tests,https://github.com/DevExpress/DevExtreme/actions/runs/32278471048/job/96153446341
"19.08.26, 17:00:16",96153446346,32278471048,1,QUnit tests,Constel ui.widgets-no-csp,feature/26_2_osm-provider-for-dxmap/tiles,cancelled,Run QUnit tests,https://github.com/DevExpress/DevExtreme/actions/runs/32278471048/job/96153446346
"19.08.26, 17:00:16",96153446398,32278471048,1,QUnit tests,Constel ui.scheduler-US/Pacific,feature/26_2_osm-provider-for-dxmap/tiles,cancelled,Run QUnit tests,https://github.com/DevExpress/DevExtreme/actions/runs/32278471048/job/96153446398
"19.08.26, 17:00:16",96153446447,32278471048,1,QUnit tests,Constel misc,feature/26_2_osm-provider-for-dxmap/tiles,cancelled,Run QUnit tests,https://github.com/DevExpress/DevExtreme/actions/runs/32278471048/job/96153446447
"19.08.26, 17:00:16",96153446462,32278471048,1,QUnit tests,Constel misc-no-csp,feature/26_2_osm-provider-for-dxmap/tiles,cancelled,Run QUnit tests,https://github.com/DevExpress/DevExtreme/actions/runs/32278471048/job/96153446462
"19.08.26, 17:00:16",96153446613,32278471048,1,QUnit tests,Constel ui.grid,feature/26_2_osm-provider-for-dxmap/tiles,cancelled,Run QUnit tests,https://github.com/DevExpress/DevExtreme/actions/runs/32278471048/job/96153446613
"19.08.26, 17:02:16",96154060707,32278471048,1,QUnit tests,Send notifications,feature/26_2_osm-provider-for-dxmap/tiles,cancelled,,https://github.com/DevExpress/DevExtreme/actions/runs/32278471048/job/96154060707
"19.08.26, 11:38:01",96054259069,32248538277,1,QUnit tests,Build,kbn_correct_row_indexes_move_main,cancelled,Build,https://github.com/DevExpress/DevExtreme/actions/runs/32248538277/job/96054259069
"19.08.26, 11:40:35",96054908075,32248538277,1,QUnit tests,"Constel ${{ matrix.CONSTEL }}${{ (((matrix.TIMEZONE != '') && format('-{0}', matrix.TIMEZONE)) || '') }}${{ (((matrix.CSP == 'false') && '-no-csp') || '') }}",kbn_correct_row_indexes_move_main,cancelled,,https://github.com/DevExpress/DevExtreme/actions/runs/32248538277/job/96054908075
"19.08.26, 11:40:35",96054908089,32248538277,1,QUnit tests,Send notifications,kbn_correct_row_indexes_move_main,cancelled,,https://github.com/DevExpress/DevExtreme/actions/runs/32248538277/job/96054908089
"19.08.26, 11:40:35",96054908351,32248538277,1,QUnit tests,${{ matrix.constel }}-shadow-dom,kbn_correct_row_indexes_move_main,cancelled,,https://github.com/DevExpress/DevExtreme/actions/runs/32248538277/job/96054908351
"19.08.26, 10:33:00",96038124908,32243223864,1,QUnit tests,Build,feature/remove-systemjs-from-demos-clean,failure,Install dependencies,https://github.com/DevExpress/DevExtreme/actions/runs/32243223864/job/96038124908
"19.08.26, 09:52:37",96027796451,32239408119,1,QUnit tests,ui.editors-shadow-dom,selectionController_25_2,cancelled,Run QUnit tests,https://github.com/DevExpress/DevExtreme/actions/runs/32239408119/job/96027796451
"19.08.26, 09:52:37",96027796469,32239408119,1,QUnit tests,ui-shadow-dom,selectionController_25_2,cancelled,Run QUnit tests,https://github.com/DevExpress/DevExtreme/actions/runs/32239408119/job/96027796469
"19.08.26, 09:52:37",96027796519,32239408119,1,QUnit tests,ui.scheduler-shadow-dom,selectionController_25_2,cancelled,Run QUnit tests,https://github.com/DevExpress/DevExtreme/actions/runs/32239408119/job/96027796519
"19.08.26, 09:52:37",96027796550,32239408119,1,QUnit tests,ui.widgets-shadow-dom,selectionController_25_2,cancelled,Run QUnit tests,https://github.com/DevExpress/DevExtreme/actions/runs/32239408119/job/96027796550
"19.08.26, 09:52:37",96027796593,32239408119,1,QUnit tests,Constel export,selectionController_25_2,cancelled,,https://github.com/DevExpress/DevExtreme/actions/runs/32239408119/job/96027796593
"19.08.26, 09:52:37",96027796629,32239408119,1,QUnit tests,Constel ui.scheduler,selectionController_25_2,cancelled,Run QUnit tests,https://github.com/DevExpress/DevExtreme/actions/runs/32239408119/job/96027796629
"19.08.26, 09:52:37",96027796632,32239408119,1,QUnit tests,Constel ui.editors,selectionController_25_2,cancelled,Run QUnit tests,https://github.com/DevExpress/DevExtreme/actions/runs/32239408119/job/96027796632
"19.08.26, 09:52:37",96027796638,32239408119,1,QUnit tests,Constel ui,selectionController_25_2,cancelled,Run QUnit tests,https://github.com/DevExpress/DevExtreme/actions/runs/32239408119/job/96027796638
"19.08.26, 09:52:37",96027796659,32239408119,1,QUnit tests,Constel misc,selectionController_25_2,cancelled,Post Run QUnit tests,https://github.com/DevExpress/DevExtreme/actions/runs/32239408119/job/96027796659
"19.08.26, 09:52:37",96027796672,32239408119,1,QUnit tests,Constel misc-no-csp,selectionController_25_2,cancelled,Run QUnit tests,https://github.com/DevExpress/DevExtreme/actions/runs/32239408119/job/96027796672
"19.08.26, 09:52:37",96027796710,32239408119,1,QUnit tests,Constel ui.grid,selectionController_25_2,cancelled,Run QUnit tests,https://github.com/DevExpress/DevExtreme/actions/runs/32239408119/job/96027796710
"19.08.26, 09:52:37",96027796712,32239408119,1,QUnit tests,Constel ui.scheduler-US/Pacific,selectionController_25_2,cancelled,Run QUnit tests,https://github.com/DevExpress/DevExtreme/actions/runs/32239408119/job/96027796712
"19.08.26, 09:52:37",96027796751,32239408119,1,QUnit tests,ui.grid-shadow-dom,selectionController_25_2,cancelled,Run QUnit tests,https://github.com/DevExpress/DevExtreme/actions/runs/32239408119/job/96027796751
"19.08.26, 09:52:37",96027796753,32239408119,1,QUnit tests,Constel ui.widgets-no-csp,selectionController_25_2,cancelled,Run QUnit tests,https://github.com/DevExpress/DevExtreme/actions/runs/32239408119/job/96027796753
"19.08.26, 09:56:04",96028680068,32239408119,1,QUnit tests,Send notifications,selectionController_25_2,cancelled,,https://github.com/DevExpress/DevExtreme/actions/runs/32239408119/job/96028680068
"19.08.26, 09:52:02",96027647389,32239337984,1,QUnit tests,ui.grid-shadow-dom,selectionController_26_1,cancelled,Post Run QUnit tests,https://github.com/DevExpress/DevExtreme/actions/runs/32239337984/job/96027647389
"19.08.26, 09:52:02",96027647524,32239337984,1,QUnit tests,Constel ui.grid,selectionController_26_1,cancelled,,https://github.com/DevExpress/DevExtreme/actions/runs/32239337984/job/96027647524
"19.08.26, 09:59:04",96029430778,32239337984,1,QUnit tests,Send notifications,selectionController_26_1,cancelled,,https://github.com/DevExpress/DevExtreme/actions/runs/32239337984/job/96029430778
"19.08.26, 08:32:08",96006949983,32232595431,1,QUnit tests,ui.grid-shadow-dom,selectionController_26_2,failure,Run QUnit tests,https://github.com/DevExpress/DevExtreme/actions/runs/32232595431/job/96006949983
"19.08.26, 08:32:08",96006950180,32232595431,1,QUnit tests,Constel ui.grid,selectionController_26_2,failure,Run QUnit tests,https://github.com/DevExpress/DevExtreme/actions/runs/32232595431/job/96006950180
"19.08.26, 08:17:48",96003377515,32231476460,1,QUnit tests,ui.grid-shadow-dom,feature/csb-manifest,cancelled,,https://github.com/DevExpress/DevExtreme/actions/runs/32231476460/job/96003377515
"19.08.26, 08:17:48",96003377533,32231476460,1,QUnit tests,ui.editors-shadow-dom,feature/csb-manifest,cancelled,,https://github.com/DevExpress/DevExtreme/actions/runs/32231476460/job/96003377533
"19.08.26, 08:17:48",96003377545,32231476460,1,QUnit tests,ui.scheduler-shadow-dom,feature/csb-manifest,cancelled,,https://github.com/DevExpress/DevExtreme/actions/runs/32231476460/job/96003377545
"19.08.26, 08:17:48",96003377605,32231476460,1,QUnit tests,ui-shadow-dom,feature/csb-manifest,cancelled,,https://github.com/DevExpress/DevExtreme/actions/runs/32231476460/job/96003377605
"19.08.26, 08:17:48",96003377622,32231476460,1,QUnit tests,Constel ui,feature/csb-manifest,cancelled,,https://github.com/DevExpress/DevExtreme/actions/runs/32231476460/job/96003377622
"19.08.26, 08:17:48",96003377664,32231476460,1,QUnit tests,Constel ui.widgets-no-csp,feature/csb-manifest,cancelled,,https://github.com/DevExpress/DevExtreme/actions/runs/32231476460/job/96003377664
"19.08.26, 08:17:48",96003377696,32231476460,1,QUnit tests,Constel ui.scheduler-US/Pacific,feature/csb-manifest,cancelled,,https://github.com/DevExpress/DevExtreme/actions/runs/32231476460/job/96003377696
"19.08.26, 08:17:48",96003377699,32231476460,1,QUnit tests,ui.widgets-shadow-dom,feature/csb-manifest,cancelled,,https://github.com/DevExpress/DevExtreme/actions/runs/32231476460/job/96003377699
"19.08.26, 08:17:48",96003377701,32231476460,1,QUnit tests,Constel ui.scheduler,feature/csb-manifest,cancelled,,https://github.com/DevExpress/DevExtreme/actions/runs/32231476460/job/96003377701
"19.08.26, 08:17:48",96003377749,32231476460,1,QUnit tests,Constel ui.grid,feature/csb-manifest,cancelled,,https://github.com/DevExpress/DevExtreme/actions/runs/32231476460/job/96003377749
"19.08.26, 08:17:48",96003377786,32231476460,1,QUnit tests,Constel misc,feature/csb-manifest,cancelled,,https://github.com/DevExpress/DevExtreme/actions/runs/32231476460/job/96003377786
"19.08.26, 08:17:48",96003377798,32231476460,1,QUnit tests,Constel ui.editors,feature/csb-manifest,cancelled,,https://github.com/DevExpress/DevExtreme/actions/runs/32231476460/job/96003377798
"19.08.26, 08:17:48",96003377902,32231476460,1,QUnit tests,Constel misc-no-csp,feature/csb-manifest,cancelled,,https://github.com/DevExpress/DevExtreme/actions/runs/32231476460/job/96003377902
"19.08.26, 08:18:12",96003475576,32231476460,1,QUnit tests,Send notifications,feature/csb-manifest,cancelled,,https://github.com/DevExpress/DevExtreme/actions/runs/32231476460/job/96003475576
"19.08.26, 16:53:16",96151344617,32278471065,1,Jest tests,jest-tests,feature/26_2_osm-provider-for-dxmap/tiles,cancelled,,https://github.com/DevExpress/DevExtreme/actions/runs/32278471065/job/96151344617
"19.08.26, 17:01:59",96153976754,32278471065,1,Jest tests,Send notifications,feature/26_2_osm-provider-for-dxmap/tiles,cancelled,,https://github.com/DevExpress/DevExtreme/actions/runs/32278471065/job/96153976754
"19.08.26, 11:38:01",96054259602,32248538317,1,Jest tests,jest-tests,kbn_correct_row_indexes_move_main,cancelled,Check test types,https://github.com/DevExpress/DevExtreme/actions/runs/32248538317/job/96054259602
"19.08.26, 11:40:34",96054904763,32248538317,1,Jest tests,Send notifications,kbn_correct_row_indexes_move_main,cancelled,,https://github.com/DevExpress/DevExtreme/actions/runs/32248538317/job/96054904763
"19.08.26, 10:33:00",96038124451,32243223764,1,Jest tests,jest-tests,feature/remove-systemjs-from-demos-clean,failure,Install dependencies,https://github.com/DevExpress/DevExtreme/actions/runs/32243223764/job/96038124451
"19.08.26, 08:12:32",96002034514,32231476658,1,Jest tests,jest-tests,feature/csb-manifest,cancelled,Jest tests,https://github.com/DevExpress/DevExtreme/actions/runs/32231476658/job/96002034514
"19.08.26, 08:18:41",96003597284,32231476658,1,Jest tests,Send notifications,feature/csb-manifest,cancelled,,https://github.com/DevExpress/DevExtreme/actions/runs/32231476658/job/96003597284
"19.08.26, 11:38:01",96054259346,32248538302,1,Styles tests,Tests,kbn_correct_row_indexes_move_main,cancelled,Post Setup pnpm cache,https://github.com/DevExpress/DevExtreme/actions/runs/32248538302/job/96054259346
"19.08.26, 11:40:26",96054869209,32248538302,1,Styles tests,Send notifications,kbn_correct_row_indexes_move_main,cancelled,,https://github.com/DevExpress/DevExtreme/actions/runs/32248538302/job/96054869209
"19.08.26, 10:33:00",96038124461,32243223790,1,Styles tests,Tests,feature/remove-systemjs-from-demos-clean,failure,Install dependencies,https://github.com/DevExpress/DevExtreme/actions/runs/32243223790/job/96038124461
"19.08.26, 17:00:30",96153524883,32278471039,1,TestCafe tests,common - fluent,feature/26_2_osm-provider-for-dxmap/tiles,cancelled,Run TestCafe tests,https://github.com/DevExpress/DevExtreme/actions/runs/32278471039/job/96153524883
"19.08.26, 17:00:30",96153524931,32278471039,1,TestCafe tests,dataGrid (4/4) - fluent,feature/26_2_osm-provider-for-dxmap/tiles,cancelled,Run TestCafe tests,https://github.com/DevExpress/DevExtreme/actions/runs/32278471039/job/96153524931
"19.08.26, 17:00:30",96153524934,32278471039,1,TestCafe tests,dataGrid (3/4) - fluent,feature/26_2_osm-provider-for-dxmap/tiles,cancelled,Run TestCafe tests,https://github.com/DevExpress/DevExtreme/actions/runs/32278471039/job/96153524934
"19.08.26, 17:00:30",96153524946,32278471039,1,TestCafe tests,scheduler / common (1/3) - fluent,feature/26_2_osm-provider-for-dxmap/tiles,cancelled,Run TestCafe tests,https://github.com/DevExpress/DevExtreme/actions/runs/32278471039/job/96153524946
"19.08.26, 17:00:30",96153524947,32278471039,1,TestCafe tests,dataGrid (1/4) - fluent,feature/26_2_osm-provider-for-dxmap/tiles,cancelled,Run TestCafe tests,https://github.com/DevExpress/DevExtreme/actions/runs/32278471039/job/96153524947
"19.08.26, 17:00:30",96153524968,32278471039,1,TestCafe tests,material,feature/26_2_osm-provider-for-dxmap/tiles,cancelled,Run TestCafe tests,https://github.com/DevExpress/DevExtreme/actions/runs/32278471039/job/96153524968
"19.08.26, 17:00:30",96153524970,32278471039,1,TestCafe tests,scheduler / common (3/3) - fluent,feature/26_2_osm-provider-for-dxmap/tiles,cancelled,Run TestCafe tests,https://github.com/DevExpress/DevExtreme/actions/runs/32278471039/job/96153524970
"19.08.26, 17:00:30",96153524976,32278471039,1,TestCafe tests,material - compact,feature/26_2_osm-provider-for-dxmap/tiles,cancelled,Install dependencies,https://github.com/DevExpress/DevExtreme/actions/runs/32278471039/job/96153524976
"19.08.26, 17:00:30",96153524981,32278471039,1,TestCafe tests,dataGrid (2/4) - fluent,feature/26_2_osm-provider-for-dxmap/tiles,cancelled,Run TestCafe tests,https://github.com/DevExpress/DevExtreme/actions/runs/32278471039/job/96153524981
"19.08.26, 17:00:30",96153524983,32278471039,1,TestCafe tests,navigation - fluent,feature/26_2_osm-provider-for-dxmap/tiles,cancelled,Run TestCafe tests,https://github.com/DevExpress/DevExtreme/actions/runs/32278471039/job/96153524983
"19.08.26, 17:00:30",96153525028,32278471039,1,TestCafe tests,generic,feature/26_2_osm-provider-for-dxmap/tiles,cancelled,Run TestCafe tests,https://github.com/DevExpress/DevExtreme/actions/runs/32278471039/job/96153525028
"19.08.26, 17:00:30",96153525034,32278471039,1,TestCafe tests,scheduler / common (2/3) - fluent,feature/26_2_osm-provider-for-dxmap/tiles,cancelled,Run TestCafe tests,https://github.com/DevExpress/DevExtreme/actions/runs/32278471039/job/96153525034
"19.08.26, 17:00:30",96153525074,32278471039,1,TestCafe tests,scheduler / timezones (America/Los_Angeles) - fluent,feature/26_2_osm-provider-for-dxmap/tiles,cancelled,Run TestCafe tests,https://github.com/DevExpress/DevExtreme/actions/runs/32278471039/job/96153525074
"19.08.26, 17:00:30",96153525132,32278471039,1,TestCafe tests,accessibility - fluent,feature/26_2_osm-provider-for-dxmap/tiles,cancelled,Run TestCafe tests,https://github.com/DevExpress/DevExtreme/actions/runs/32278471039/job/96153525132
"19.08.26, 17:00:30",96153525134,32278471039,1,TestCafe tests,scheduler / timezones (Europe/Berlin) - fluent,feature/26_2_osm-provider-for-dxmap/tiles,cancelled,Run TestCafe tests,https://github.com/DevExpress/DevExtreme/actions/runs/32278471039/job/96153525134
"19.08.26, 17:00:30",96153525174,32278471039,1,TestCafe tests,editors - fluent,feature/26_2_osm-provider-for-dxmap/tiles,cancelled,Run TestCafe tests,https://github.com/DevExpress/DevExtreme/actions/runs/32278471039/job/96153525174
"19.08.26, 17:00:30",96153525190,32278471039,1,TestCafe tests,cardView - fluent,feature/26_2_osm-provider-for-dxmap/tiles,cancelled,Run TestCafe tests,https://github.com/DevExpress/DevExtreme/actions/runs/32278471039/job/96153525190
"19.08.26, 17:00:30",96153525216,32278471039,1,TestCafe tests,scheduler / viewOffset (1/2) - fluent,feature/26_2_osm-provider-for-dxmap/tiles,cancelled,Run TestCafe tests,https://github.com/DevExpress/DevExtreme/actions/runs/32278471039/job/96153525216
"19.08.26, 17:00:30",96153525508,32278471039,1,TestCafe tests,scheduler / viewOffset (2/2) - fluent,feature/26_2_osm-provider-for-dxmap/tiles,cancelled,Run TestCafe tests,https://github.com/DevExpress/DevExtreme/actions/runs/32278471039/job/96153525508
"19.08.26, 17:02:30",96154132391,32278471039,1,TestCafe tests,quarantine,feature/26_2_osm-provider-for-dxmap/tiles,cancelled,,https://github.com/DevExpress/DevExtreme/actions/runs/32278471039/job/96154132391
"19.08.26, 17:02:30",96154132696,32278471039,1,TestCafe tests,Send notifications,feature/26_2_osm-provider-for-dxmap/tiles,cancelled,,https://github.com/DevExpress/DevExtreme/actions/runs/32278471039/job/96154132696
"19.08.26, 14:51:28",96112244340,32265780031,1,TestCafe tests,scheduler / common (1/3) - fluent,issue-1779_26_2,failure,Run TestCafe tests,https://github.com/DevExpress/DevExtreme/actions/runs/32265780031/job/96112244340
"19.08.26, 14:51:28",96112244357,32265780031,1,TestCafe tests,scheduler / common (2/3) - fluent,issue-1779_26_2,failure,Run TestCafe tests,https://github.com/DevExpress/DevExtreme/actions/runs/32265780031/job/96112244357
"19.08.26, 14:51:28",96112244567,32265780031,1,TestCafe tests,scheduler / common (3/3) - fluent,issue-1779_26_2,failure,Run TestCafe tests,https://github.com/DevExpress/DevExtreme/actions/runs/32265780031/job/96112244567
"19.08.26, 14:51:28",96112244598,32265780031,1,TestCafe tests,generic,issue-1779_26_2,failure,Run TestCafe tests,https://github.com/DevExpress/DevExtreme/actions/runs/32265780031/job/96112244598
"19.08.26, 14:51:28",96112244613,32265780031,1,TestCafe tests,scheduler / viewOffset (1/2) - fluent,issue-1779_26_2,failure,Run TestCafe tests,https://github.com/DevExpress/DevExtreme/actions/runs/32265780031/job/96112244613
"19.08.26, 14:51:28",96112244648,32265780031,1,TestCafe tests,scheduler / viewOffset (2/2) - fluent,issue-1779_26_2,failure,Run TestCafe tests,https://github.com/DevExpress/DevExtreme/actions/runs/32265780031/job/96112244648
"19.08.26, 12:43:39",96071865733,32253931699,1,TestCafe tests,accessibility - fluent.dark,feature/dt_distribution,failure,Run TestCafe tests,https://github.com/DevExpress/DevExtreme/actions/runs/32253931699/job/96071865733
"19.08.26, 12:27:10",96067243396,32252224269,1,TestCafe tests,cardView - fluent,gh-readonly-queue/main/pr-34819-cd48167a6c95e4768655152f62c5b30cdcae1864,cancelled,Run TestCafe tests,https://github.com/DevExpress/DevExtreme/actions/runs/32252224269/job/96067243396
"19.08.26, 12:20:18",96065346970,32250745149,1,TestCafe tests,quarantine,feature/dt_distribution,cancelled,Run quarantined tests,https://github.com/DevExpress/DevExtreme/actions/runs/32250745149/job/96065346970
"19.08.26, 12:22:56",96066065243,32250745149,1,TestCafe tests,Send notifications,feature/dt_distribution,cancelled,,https://github.com/DevExpress/DevExtreme/actions/runs/32250745149/job/96066065243
"19.08.26, 11:38:18",96054328628,32248538260,1,TestCafe tests,Build DevExtreme,kbn_correct_row_indexes_move_main,cancelled,Build,https://github.com/DevExpress/DevExtreme/actions/runs/32248538260/job/96054328628
"19.08.26, 11:40:41",96054932291,32248538260,1,TestCafe tests,${{ matrix.name }}${{ ((!matrix.theme && ' - fluent') || '') }},kbn_correct_row_indexes_move_main,cancelled,,https://github.com/DevExpress/DevExtreme/actions/runs/32248538260/job/96054932291
"19.08.26, 11:40:41",96054932433,32248538260,1,TestCafe tests,quarantine,kbn_correct_row_indexes_move_main,cancelled,,https://github.com/DevExpress/DevExtreme/actions/runs/32248538260/job/96054932433
"19.08.26, 11:40:41",96054933288,32248538260,1,TestCafe tests,Send notifications,kbn_correct_row_indexes_move_main,cancelled,,https://github.com/DevExpress/DevExtreme/actions/runs/32248538260/job/96054933288
"19.08.26, 10:52:43",96042945651,32244326222,1,TestCafe tests,cardView - fluent,26_1,cancelled,Run TestCafe tests,https://github.com/DevExpress/DevExtreme/actions/runs/32244326222/job/96042945651
"19.08.26, 10:33:22",96038212765,32243223740,1,TestCafe tests,Build DevExtreme,feature/remove-systemjs-from-demos-clean,failure,Show nx cache contents before save,https://github.com/DevExpress/DevExtreme/actions/runs/32243223740/job/96038212765
"19.08.26, 10:11:04",96032611596,32240819880,1,TestCafe tests,cardView - fluent,gh-readonly-queue/main/pr-34794-c670fc4b21216d339bcfda1ffb20221f8e21f908,cancelled,Run TestCafe tests,https://github.com/DevExpress/DevExtreme/actions/runs/32240819880/job/96032611596
"19.08.26, 09:47:37",96026499443,32239408202,1,TestCafe tests,Build DevExtreme,selectionController_25_2,cancelled,Build,https://github.com/DevExpress/DevExtreme/actions/runs/32239408202/job/96026499443
"19.08.26, 09:55:31",96028540566,32239408202,1,TestCafe tests,${{ matrix.ARGS.name }}${{ ((!matrix.ARGS.theme && ' - fluent') || '') }},selectionController_25_2,cancelled,,https://github.com/DevExpress/DevExtreme/actions/runs/32239408202/job/96028540566
"19.08.26, 09:55:31",96028540797,32239408202,1,TestCafe tests,quarantine,selectionController_25_2,cancelled,,https://github.com/DevExpress/DevExtreme/actions/runs/32239408202/job/96028540797
"19.08.26, 09:55:32",96028542106,32239408202,1,TestCafe tests,Send notifications,selectionController_25_2,cancelled,,https://github.com/DevExpress/DevExtreme/actions/runs/32239408202/job/96028542106
"19.08.26, 09:52:04",96027653022,32239338049,1,TestCafe tests,dataGrid (1/4) - fluent,selectionController_26_1,cancelled,,https://github.com/DevExpress/DevExtreme/actions/runs/32239338049/job/96027653022
"19.08.26, 09:52:04",96027653036,32239338049,1,TestCafe tests,scheduler / viewOffset (2/2) - fluent,selectionController_26_1,cancelled,Run TestCafe tests,https://github.com/DevExpress/DevExtreme/actions/runs/32239338049/job/96027653036
"19.08.26, 09:52:04",96027653041,32239338049,1,TestCafe tests,dataGrid (3/4) - fluent,selectionController_26_1,cancelled,,https://github.com/DevExpress/DevExtreme/actions/runs/32239338049/job/96027653041
"19.08.26, 09:52:04",96027653086,32239338049,1,TestCafe tests,dataGrid (4/4) - fluent,selectionController_26_1,cancelled,,https://github.com/DevExpress/DevExtreme/actions/runs/32239338049/job/96027653086
"19.08.26, 09:59:04",96029429788,32239338049,1,TestCafe tests,quarantine,selectionController_26_1,cancelled,,https://github.com/DevExpress/DevExtreme/actions/runs/32239338049/job/96029429788
"19.08.26, 09:59:04",96029430761,32239338049,1,TestCafe tests,Send notifications,selectionController_26_1,cancelled,,https://github.com/DevExpress/DevExtreme/actions/runs/32239338049/job/96029430761
"19.08.26, 08:56:45",96013187041,32234156671,1,TestCafe tests,dataGrid (4/4) - fluent,rename_error_handling_25_2,failure,,https://github.com/DevExpress/DevExtreme/actions/runs/32234156671/job/96013187041
"19.08.26, 08:12:50",96002109570,32231476469,1,TestCafe tests,Build DevExtreme,feature/csb-manifest,cancelled,,https://github.com/DevExpress/DevExtreme/actions/runs/32231476469/job/96002109570
"19.08.26, 08:18:23",96003522479,32231476469,1,TestCafe tests,${{ matrix.name }}${{ ((!matrix.theme && ' - fluent') || '') }},feature/csb-manifest,cancelled,,https://github.com/DevExpress/DevExtreme/actions/runs/32231476469/job/96003522479
"19.08.26, 08:18:23",96003522514,32231476469,1,TestCafe tests,quarantine,feature/csb-manifest,cancelled,,https://github.com/DevExpress/DevExtreme/actions/runs/32231476469/job/96003522514
"19.08.26, 08:18:23",96003523243,32231476469,1,TestCafe tests,Send notifications,feature/csb-manifest,cancelled,,https://github.com/DevExpress/DevExtreme/actions/runs/32231476469/job/96003523243
"19.08.26, 07:52:14",95997140270,32229569617,1,TestCafe tests,dataGrid (2/4) - fluent,26_1,failure,Run TestCafe tests,https://github.com/DevExpress/DevExtreme/actions/runs/32229569617/job/95997140270
"19.08.26, 07:55:26",95997887573,32229250140,1,TestCafe tests,scheduler / viewOffset (2/2) - fluent,rename_error_handling_25_2,failure,,https://github.com/DevExpress/DevExtreme/actions/runs/32229250140/job/95997887573
"19.08.26, 07:36:05",95993376817,32228132456,1,TestCafe tests,scheduler / common (3/3) - fluent,fix/26_1code-vulnerability-generate-locales,cancelled,Run TestCafe tests,https://github.com/DevExpress/DevExtreme/actions/runs/32228132456/job/95993376817
"19.08.26, 02:16:03",95934692162,32207541516,1,TestCafe tests,accessibility - fluent,grid_demo_tests_implement_mock_requests_26_2,failure,Run TestCafe tests,https://github.com/DevExpress/DevExtreme/actions/runs/32207541516/job/95934692162
"19.08.26, 12:21:21",96065639676,32252225365,1,Themebuilder and Styles tests,test,gh-readonly-queue/main/pr-34820-760ac2553c3208d4525bcedc6c8374518db3d5cd,failure,,https://github.com/DevExpress/DevExtreme/actions/runs/32252225365/job/96065639676
"19.08.26, 11:38:01",96054259235,32248538287,1,Themebuilder and Styles tests,test,kbn_correct_row_indexes_move_main,cancelled,Build,https://github.com/DevExpress/DevExtreme/actions/runs/32248538287/job/96054259235
"19.08.26, 11:40:41",96054930638,32248538287,1,Themebuilder and Styles tests,Send notifications,kbn_correct_row_indexes_move_main,cancelled,,https://github.com/DevExpress/DevExtreme/actions/runs/32248538287/job/96054930638
"19.08.26, 10:33:00",96038124276,32243223704,1,Themebuilder and Styles tests,test,feature/remove-systemjs-from-demos-clean,failure,Install dependencies,https://github.com/DevExpress/DevExtreme/actions/runs/32243223704/job/96038124276
"19.08.26, 14:51:24",96112220034,32266513393,1,TS Declarations,check-ts-bundle,feature/26_2_osm-provider-for-dxmap/tiles,failure,Check dx.all.d.ts is up-to-date,https://github.com/DevExpress/DevExtreme/actions/runs/32266513393/job/96112220034
"19.08.26, 11:48:27",96056877929,32249411026,1,TS Declarations,check-ts-bundle,feature/26_2_osm-provider-for-dxmap/tiles,failure,Check dx.all.d.ts is up-to-date,https://github.com/DevExpress/DevExtreme/actions/runs/32249411026/job/96056877929
"19.08.26, 11:38:01",96054259488,32248538336,1,TS Declarations,check-ts-bundle,kbn_correct_row_indexes_move_main,cancelled,Post Setup pnpm cache,https://github.com/DevExpress/DevExtreme/actions/runs/32248538336/job/96054259488
"19.08.26, 11:38:01",96054259651,32248538336,1,TS Declarations,validate-declarations,kbn_correct_row_indexes_move_main,cancelled,Install dependencies,https://github.com/DevExpress/DevExtreme/actions/runs/32248538336/job/96054259651
"19.08.26, 11:40:22",96054851288,32248538336,1,TS Declarations,Send notifications,kbn_correct_row_indexes_move_main,cancelled,,https://github.com/DevExpress/DevExtreme/actions/runs/32248538336/job/96054851288
"19.08.26, 10:33:01",96038125534,32243223793,1,TS Declarations,check-ts-bundle,feature/remove-systemjs-from-demos-clean,failure,Install dependencies,https://github.com/DevExpress/DevExtreme/actions/runs/32243223793/job/96038125534
"19.08.26, 10:33:01",96038125705,32243223793,1,TS Declarations,validate-declarations,feature/remove-systemjs-from-demos-clean,failure,Install dependencies,https://github.com/DevExpress/DevExtreme/actions/runs/32243223793/job/96038125705
"19.08.26, 17:06:11",96155236837,32278471041,1,Demos Visual Tests,merge-artifacts,feature/26_2_osm-provider-for-dxmap/tiles,cancelled,,https://github.com/DevExpress/DevExtreme/actions/runs/32278471041/job/96155236837
"19.08.26, 14:58:41",96114668916,32266513167,1,Demos Visual Tests,jquery(1/3)-screenshots-material.blue.light,feature/26_2_osm-provider-for-dxmap/tiles,failure,Run TestCafe tests (jQuery),https://github.com/DevExpress/DevExtreme/actions/runs/32266513167/job/96114668916
"19.08.26, 14:58:41",96114668926,32266513167,1,Demos Visual Tests,jquery(1/3)-screenshots-fluent.blue.light,feature/26_2_osm-provider-for-dxmap/tiles,failure,Run TestCafe tests (jQuery),https://github.com/DevExpress/DevExtreme/actions/runs/32266513167/job/96114668926
"19.08.26, 14:43:11",96109500006,32264977915,1,Demos Visual Tests,Check generated demos,26_1,failure,,https://github.com/DevExpress/DevExtreme/actions/runs/32264977915/job/96109500006
"19.08.26, 13:58:55",96094830310,32259816181,1,Demos Visual Tests,angular(3/10)-screenshots-fluent.blue.light,gh-readonly-queue/main/pr-34838-bb0b7f4a795ed9f1513c4b0821f29b195b9b0639,failure,Run TestCafe tests,https://github.com/DevExpress/DevExtreme/actions/runs/32259816181/job/96094830310
"19.08.26, 13:58:55",96094830436,32259816181,1,Demos Visual Tests,react(1/3)-screenshots-fluent.blue.light,gh-readonly-queue/main/pr-34838-bb0b7f4a795ed9f1513c4b0821f29b195b9b0639,failure,Run TestCafe tests,https://github.com/DevExpress/DevExtreme/actions/runs/32259816181/job/96094830436
"19.08.26, 13:45:05",96090330046,32258632177,1,Demos Visual Tests,angular(2/10)-screenshots-fluent.blue.light,gh-readonly-queue/main/pr-34838-f9a66a081508cb60ef1b1c42bae2a9d8dc2664bc,failure,,https://github.com/DevExpress/DevExtreme/actions/runs/32258632177/job/96090330046
"19.08.26, 13:45:05",96090330149,32258632177,1,Demos Visual Tests,angular(5/10)-screenshots-fluent.blue.light,gh-readonly-queue/main/pr-34838-f9a66a081508cb60ef1b1c42bae2a9d8dc2664bc,failure,,https://github.com/DevExpress/DevExtreme/actions/runs/32258632177/job/96090330149
"19.08.26, 12:50:24",96073788822,32254006091,1,Demos Visual Tests,CSP check (Angular 1/3),gh-readonly-queue/main/pr-34822-3df31616f23eb8b04b1fc0944b87aa5a4fa9e58c,failure,,https://github.com/DevExpress/DevExtreme/actions/runs/32254006091/job/96073788822
"19.08.26, 12:44:03",96071979218,32253931589,1,Demos Visual Tests,jquery(3/3)-screenshots-fluent-next.blue.light,feature/dt_distribution,failure,Run TestCafe tests (jQuery),https://github.com/DevExpress/DevExtreme/actions/runs/32253931589/job/96071979218
"19.08.26, 13:06:17",96078416615,32253931589,2,Demos Visual Tests,jquery(3/3)-screenshots-fluent-next.blue.light,feature/dt_distribution,failure,Run TestCafe tests (jQuery),https://github.com/DevExpress/DevExtreme/actions/runs/32253931589/job/96078416615
"19.08.26, 12:45:30",96072399241,32252814840,1,Demos Visual Tests,angular(3/10)-screenshots-fluent.blue.light,grid_demo_tests_implement_mock_requests_26_1,failure,Run TestCafe tests,https://github.com/DevExpress/DevExtreme/actions/runs/32252814840/job/96072399241
"19.08.26, 12:26:28",96067051797,32252338916,1,Demos Visual Tests,jquery(3/3)-screenshots-fluent-next.blue.light,feature/dt_distribution,failure,Run TestCafe tests (jQuery),https://github.com/DevExpress/DevExtreme/actions/runs/32252338916/job/96067051797
"19.08.26, 12:31:45",96068519535,32252225294,1,Demos Visual Tests,Check generated demos,gh-readonly-queue/main/pr-34820-760ac2553c3208d4525bcedc6c8374518db3d5cd,failure,,https://github.com/DevExpress/DevExtreme/actions/runs/32252225294/job/96068519535
"19.08.26, 12:11:00",96062766641,32250745311,1,Demos Visual Tests,jquery(3/3)-screenshots-fluent-next.blue.light,feature/dt_distribution,failure,Run TestCafe tests (jQuery),https://github.com/DevExpress/DevExtreme/actions/runs/32250745311/job/96062766641
"19.08.26, 11:54:46",96058454213,32249410989,1,Demos Visual Tests,CSP check (jQuery),feature/26_2_osm-provider-for-dxmap/tiles,failure,Run CSP Check,https://github.com/DevExpress/DevExtreme/actions/runs/32249410989/job/96058454213
"19.08.26, 11:44:12",96055818210,32248538308,1,Demos Visual Tests,Build Demos Bundles,kbn_correct_row_indexes_move_main,cancelled,,https://github.com/DevExpress/DevExtreme/actions/runs/32248538308/job/96055818210
"19.08.26, 11:44:12",96055818675,32248538308,1,Demos Visual Tests,"matrix.SHARD_TOTAL == 1 && format('CSP check ({0})', matrix.FRAMEWORK) || format('CSP check ({0} {1}/{2})', matrix.FRAMEWORK, matrix.SHARD_INDEX, matrix.SHARD_TOTAL)",kbn_correct_row_indexes_move_main,cancelled,,https://github.com/DevExpress/DevExtreme/actions/runs/32248538308/job/96055818675
"19.08.26, 11:44:12",96055818708,32248538308,1,Demos Visual Tests,Check generated demos (changed only),kbn_correct_row_indexes_move_main,cancelled,,https://github.com/DevExpress/DevExtreme/actions/runs/32248538308/job/96055818708
"19.08.26, 11:44:12",96055818752,32248538308,1,Demos Visual Tests,${{ matrix.CONSTEL }}-screenshots-${{ matrix.THEME }},kbn_correct_row_indexes_move_main,cancelled,,https://github.com/DevExpress/DevExtreme/actions/runs/32248538308/job/96055818752
"19.08.26, 11:44:12",96055818813,32248538308,1,Demos Visual Tests,${{ matrix.CONSTEL }}-screenshots-${{ matrix.THEME }},kbn_correct_row_indexes_move_main,cancelled,,https://github.com/DevExpress/DevExtreme/actions/runs/32248538308/job/96055818813
"19.08.26, 11:44:12",96055818815,32248538308,1,Demos Visual Tests,Check TS and lint code base,kbn_correct_row_indexes_move_main,cancelled,,https://github.com/DevExpress/DevExtreme/actions/runs/32248538308/job/96055818815
"19.08.26, 11:44:12",96055818870,32248538308,1,Demos Visual Tests,Check generated demos,kbn_correct_row_indexes_move_main,cancelled,,https://github.com/DevExpress/DevExtreme/actions/runs/32248538308/job/96055818870
"19.08.26, 11:50:14",96057314603,32248538308,1,Demos Visual Tests,merge-artifacts,kbn_correct_row_indexes_move_main,cancelled,,https://github.com/DevExpress/DevExtreme/actions/runs/32248538308/job/96057314603
"19.08.26, 11:43:12",96055572475,32247800313,1,Demos Visual Tests,angular(6/10)-screenshots-fluent.blue.light,gh-readonly-queue/main/pr-34799-fb6e993b7426b0865f6dd5fbf44be8c4417cf2ac,failure,,https://github.com/DevExpress/DevExtreme/actions/runs/32247800313/job/96055572475
"19.08.26, 11:02:50",96045466514,32244911244,1,Demos Visual Tests,Check TS and lint code base,feature/remove-systemjs-from-demos-clean,failure,Check TS and lint results,https://github.com/DevExpress/DevExtreme/actions/runs/32244911244/job/96045466514
"19.08.26, 11:02:50",96045466524,32244911244,1,Demos Visual Tests,Check generated demos,feature/remove-systemjs-from-demos-clean,failure,Check generated JS demos,https://github.com/DevExpress/DevExtreme/actions/runs/32244911244/job/96045466524
"19.08.26, 11:02:50",96045466744,32244911244,1,Demos Visual Tests,CSP check (Vue 2/2),feature/remove-systemjs-from-demos-clean,failure,Run CSP Check,https://github.com/DevExpress/DevExtreme/actions/runs/32244911244/job/96045466744
"19.08.26, 11:02:50",96045466746,32244911244,1,Demos Visual Tests,CSP check (React 1/2),feature/remove-systemjs-from-demos-clean,failure,Run CSP Check,https://github.com/DevExpress/DevExtreme/actions/runs/32244911244/job/96045466746
"19.08.26, 11:02:50",96045466747,32244911244,1,Demos Visual Tests,CSP check (Angular 3/3),feature/remove-systemjs-from-demos-clean,failure,Run CSP Check,https://github.com/DevExpress/DevExtreme/actions/runs/32244911244/job/96045466747
"19.08.26, 11:02:50",96045466818,32244911244,1,Demos Visual Tests,CSP check (Angular 2/3),feature/remove-systemjs-from-demos-clean,failure,Run CSP Check,https://github.com/DevExpress/DevExtreme/actions/runs/32244911244/job/96045466818
"19.08.26, 11:02:50",96045466843,32244911244,1,Demos Visual Tests,CSP check (Angular 1/3),feature/remove-systemjs-from-demos-clean,failure,Run CSP Check,https://github.com/DevExpress/DevExtreme/actions/runs/32244911244/job/96045466843
"19.08.26, 11:02:50",96045466965,32244911244,1,Demos Visual Tests,CSP check (Vue 1/2),feature/remove-systemjs-from-demos-clean,failure,Run CSP Check,https://github.com/DevExpress/DevExtreme/actions/runs/32244911244/job/96045466965
"19.08.26, 11:02:50",96045466989,32244911244,1,Demos Visual Tests,CSP check (React 2/2),feature/remove-systemjs-from-demos-clean,failure,Run CSP Check,https://github.com/DevExpress/DevExtreme/actions/runs/32244911244/job/96045466989
"19.08.26, 11:07:19",96046607899,32244911244,1,Demos Visual Tests,react(2/3)-screenshots-fluent.blue.light,feature/remove-systemjs-from-demos-clean,failure,Run TestCafe tests,https://github.com/DevExpress/DevExtreme/actions/runs/32244911244/job/96046607899
"19.08.26, 11:07:19",96046607901,32244911244,1,Demos Visual Tests,vue(1/5)-screenshots-fluent.blue.light,feature/remove-systemjs-from-demos-clean,failure,Run TestCafe tests,https://github.com/DevExpress/DevExtreme/actions/runs/32244911244/job/96046607901
"19.08.26, 11:07:19",96046607909,32244911244,1,Demos Visual Tests,vue(3/5)-screenshots-fluent.blue.light,feature/remove-systemjs-from-demos-clean,failure,Run TestCafe tests,https://github.com/DevExpress/DevExtreme/actions/runs/32244911244/job/96046607909
"19.08.26, 11:07:19",96046607912,32244911244,1,Demos Visual Tests,angular(2/10)-screenshots-fluent.blue.light,feature/remove-systemjs-from-demos-clean,cancelled,Run TestCafe tests,https://github.com/DevExpress/DevExtreme/actions/runs/32244911244/job/96046607912
"19.08.26, 11:07:19",96046607929,32244911244,1,Demos Visual Tests,react(3/3)-screenshots-fluent.blue.light,feature/remove-systemjs-from-demos-clean,failure,Run TestCafe tests,https://github.com/DevExpress/DevExtreme/actions/runs/32244911244/job/96046607929
"19.08.26, 11:07:19",96046607936,32244911244,1,Demos Visual Tests,vue(2/5)-screenshots-fluent.blue.light,feature/remove-systemjs-from-demos-clean,failure,Run TestCafe tests,https://github.com/DevExpress/DevExtreme/actions/runs/32244911244/job/96046607936
"19.08.26, 11:07:19",96046607940,32244911244,1,Demos Visual Tests,angular(4/10)-screenshots-fluent.blue.light,feature/remove-systemjs-from-demos-clean,cancelled,Run TestCafe tests,https://github.com/DevExpress/DevExtreme/actions/runs/32244911244/job/96046607940
"19.08.26, 11:07:19",96046607945,32244911244,1,Demos Visual Tests,angular(1/10)-screenshots-fluent.blue.light,feature/remove-systemjs-from-demos-clean,cancelled,Run TestCafe tests,https://github.com/DevExpress/DevExtreme/actions/runs/32244911244/job/96046607945
"19.08.26, 11:07:19",96046607947,32244911244,1,Demos Visual Tests,angular(6/10)-screenshots-fluent.blue.light,feature/remove-systemjs-from-demos-clean,cancelled,Run TestCafe tests,https://github.com/DevExpress/DevExtreme/actions/runs/32244911244/job/96046607947
"19.08.26, 11:07:19",96046607956,32244911244,1,Demos Visual Tests,angular(8/10)-screenshots-fluent.blue.light,feature/remove-systemjs-from-demos-clean,cancelled,Run TestCafe tests,https://github.com/DevExpress/DevExtreme/actions/runs/32244911244/job/96046607956
"19.08.26, 11:07:19",96046607960,32244911244,1,Demos Visual Tests,vue(5/5)-screenshots-fluent.blue.light,feature/remove-systemjs-from-demos-clean,failure,Run TestCafe tests,https://github.com/DevExpress/DevExtreme/actions/runs/32244911244/job/96046607960
"19.08.26, 11:07:19",96046607974,32244911244,1,Demos Visual Tests,angular(3/10)-screenshots-fluent.blue.light,feature/remove-systemjs-from-demos-clean,cancelled,Run TestCafe tests,https://github.com/DevExpress/DevExtreme/actions/runs/32244911244/job/96046607974
"19.08.26, 11:07:19",96046607987,32244911244,1,Demos Visual Tests,react(1/3)-screenshots-fluent.blue.light,feature/remove-systemjs-from-demos-clean,failure,Run TestCafe tests,https://github.com/DevExpress/DevExtreme/actions/runs/32244911244/job/96046607987
"19.08.26, 11:07:19",96046608014,32244911244,1,Demos Visual Tests,angular(5/10)-screenshots-fluent.blue.light,feature/remove-systemjs-from-demos-clean,cancelled,Run TestCafe tests,https://github.com/DevExpress/DevExtreme/actions/runs/32244911244/job/96046608014
"19.08.26, 11:07:19",96046608037,32244911244,1,Demos Visual Tests,vue(4/5)-screenshots-fluent.blue.light,feature/remove-systemjs-from-demos-clean,failure,Run TestCafe tests,https://github.com/DevExpress/DevExtreme/actions/runs/32244911244/job/96046608037
"19.08.26, 11:07:19",96046608038,32244911244,1,Demos Visual Tests,angular(7/10)-screenshots-fluent.blue.light,feature/remove-systemjs-from-demos-clean,cancelled,Run TestCafe tests,https://github.com/DevExpress/DevExtreme/actions/runs/32244911244/job/96046608038
"19.08.26, 11:07:19",96046608046,32244911244,1,Demos Visual Tests,angular(10/10)-screenshots-fluent.blue.light,feature/remove-systemjs-from-demos-clean,cancelled,Run TestCafe tests,https://github.com/DevExpress/DevExtreme/actions/runs/32244911244/job/96046608046
"19.08.26, 11:07:19",96046608049,32244911244,1,Demos Visual Tests,angular(9/10)-screenshots-fluent.blue.light,feature/remove-systemjs-from-demos-clean,cancelled,Run TestCafe tests,https://github.com/DevExpress/DevExtreme/actions/runs/32244911244/job/96046608049
"19.08.26, 10:33:40",96038288415,32243223836,1,Demos Visual Tests,Build DevExtreme,feature/remove-systemjs-from-demos-clean,failure,Install dependencies,https://github.com/DevExpress/DevExtreme/actions/runs/32243223836/job/96038288415
"19.08.26, 10:29:48",96037311312,32242461838,1,Demos Visual Tests,jquery(2/3)-screenshots-fluent.blue.light,refactor/gridcore-relocate-editing-controller-26_2,failure,Run TestCafe tests (jQuery),https://github.com/DevExpress/DevExtreme/actions/runs/32242461838/job/96037311312
"19.08.26, 10:04:17",96030801064,32240318725,1,Demos Visual Tests,CSP check (jQuery),selectionController_26_2,failure,Run CSP Check,https://github.com/DevExpress/DevExtreme/actions/runs/32240318725/job/96030801064
"19.08.26, 09:58:49",96029366550,32239337975,1,Demos Visual Tests,merge-artifacts,selectionController_26_1,cancelled,,https://github.com/DevExpress/DevExtreme/actions/runs/32239337975/job/96029366550
"19.08.26, 09:24:17",96020400906,32236178308,1,Demos Visual Tests,angular(2/10)-screenshots-fluent.blue.light,gh-readonly-queue/main/pr-34808-45deca3b47bb7046df180d83f1e4d5b9b4cc8c55,failure,Run TestCafe tests,https://github.com/DevExpress/DevExtreme/actions/runs/32236178308/job/96020400906
"19.08.26, 08:27:46",96005844720,32231905293,1,Demos Visual Tests,CSP check (Angular 2/3),feature/remove-systemjs-from-demos,failure,Run CSP Check,https://github.com/DevExpress/DevExtreme/actions/runs/32231905293/job/96005844720
"19.08.26, 08:27:46",96005844731,32231905293,1,Demos Visual Tests,CSP check (Vue 1/2),feature/remove-systemjs-from-demos,failure,Run CSP Check,https://github.com/DevExpress/DevExtreme/actions/runs/32231905293/job/96005844731
"19.08.26, 08:27:46",96005844745,32231905293,1,Demos Visual Tests,CSP check (Vue 2/2),feature/remove-systemjs-from-demos,failure,Run CSP Check,https://github.com/DevExpress/DevExtreme/actions/runs/32231905293/job/96005844745
"19.08.26, 08:27:46",96005844762,32231905293,1,Demos Visual Tests,CSP check (Angular 3/3),feature/remove-systemjs-from-demos,failure,Run CSP Check,https://github.com/DevExpress/DevExtreme/actions/runs/32231905293/job/96005844762
"19.08.26, 08:27:46",96005844788,32231905293,1,Demos Visual Tests,CSP check (React 2/2),feature/remove-systemjs-from-demos,failure,Run CSP Check,https://github.com/DevExpress/DevExtreme/actions/runs/32231905293/job/96005844788
"19.08.26, 08:27:46",96005844800,32231905293,1,Demos Visual Tests,CSP check (Angular 1/3),feature/remove-systemjs-from-demos,failure,Run CSP Check,https://github.com/DevExpress/DevExtreme/actions/runs/32231905293/job/96005844800
"19.08.26, 08:27:46",96005844806,32231905293,1,Demos Visual Tests,CSP check (React 1/2),feature/remove-systemjs-from-demos,failure,Run CSP Check,https://github.com/DevExpress/DevExtreme/actions/runs/32231905293/job/96005844806
"19.08.26, 08:32:41",96007086475,32231905293,1,Demos Visual Tests,angular-screenshots-fluent.blue.light,feature/remove-systemjs-from-demos,cancelled,Run TestCafe tests,https://github.com/DevExpress/DevExtreme/actions/runs/32231905293/job/96007086475
"19.08.26, 08:32:41",96007086490,32231905293,1,Demos Visual Tests,react-screenshots-fluent.blue.light,feature/remove-systemjs-from-demos,failure,Run TestCafe tests,https://github.com/DevExpress/DevExtreme/actions/runs/32231905293/job/96007086490
"19.08.26, 08:32:41",96007086511,32231905293,1,Demos Visual Tests,vue-screenshots-fluent.blue.light,feature/remove-systemjs-from-demos,cancelled,Run TestCafe tests,https://github.com/DevExpress/DevExtreme/actions/runs/32231905293/job/96007086511
"19.08.26, 08:19:02",96003683367,32231476588,1,Demos Visual Tests,"Build vendor bundles (React, Vue)",feature/csb-manifest,cancelled,,https://github.com/DevExpress/DevExtreme/actions/runs/32231476588/job/96003683367
"19.08.26, 08:19:02",96003683443,32231476588,1,Demos Visual Tests,Check generated demos,feature/csb-manifest,cancelled,,https://github.com/DevExpress/DevExtreme/actions/runs/32231476588/job/96003683443
"19.08.26, 08:19:02",96003683672,32231476588,1,Demos Visual Tests,Check TS and lint code base,feature/csb-manifest,cancelled,,https://github.com/DevExpress/DevExtreme/actions/runs/32231476588/job/96003683672
"19.08.26, 08:19:02",96003683733,32231476588,1,Demos Visual Tests,Check generated demos (changed only),feature/csb-manifest,cancelled,,https://github.com/DevExpress/DevExtreme/actions/runs/32231476588/job/96003683733
"19.08.26, 08:19:02",96003683949,32231476588,1,Demos Visual Tests,"matrix.SHARD_TOTAL == 1 && format('Build demos ({0})', matrix.FRAMEWORK) || format('Build demos ({0} {1}/{2})', matrix.FRAMEWORK, matrix.SHARD_INDEX, matrix.SHARD_TOTAL)",feature/csb-manifest,cancelled,,https://github.com/DevExpress/DevExtreme/actions/runs/32231476588/job/96003683949
"19.08.26, 08:19:02",96003684013,32231476588,1,Demos Visual Tests,"matrix.SHARD_TOTAL == 1 && format('CSP check ({0})', matrix.FRAMEWORK) || format('CSP check ({0} {1}/{2})', matrix.FRAMEWORK, matrix.SHARD_INDEX, matrix.SHARD_TOTAL)",feature/csb-manifest,cancelled,,https://github.com/DevExpress/DevExtreme/actions/runs/32231476588/job/96003684013
"19.08.26, 08:19:02",96003684823,32231476588,1,Demos Visual Tests,${{ matrix.CONSTEL }}-screenshots-${{ matrix.THEME }},feature/csb-manifest,cancelled,,https://github.com/DevExpress/DevExtreme/actions/runs/32231476588/job/96003684823
"19.08.26, 08:19:02",96003684869,32231476588,1,Demos Visual Tests,${{ matrix.CONSTEL }}-screenshots-${{ matrix.THEME }},feature/csb-manifest,cancelled,,https://github.com/DevExpress/DevExtreme/actions/runs/32231476588/job/96003684869
"19.08.26, 08:24:27",96005026179,32231476588,1,Demos Visual Tests,merge-artifacts,feature/csb-manifest,cancelled,,https://github.com/DevExpress/DevExtreme/actions/runs/32231476588/job/96005026179
"19.08.26, 07:59:46",95998899963,32228914732,1,Demos Visual Tests,react(3/3)-screenshots-fluent.blue.light,26_1,failure,Run TestCafe tests,https://github.com/DevExpress/DevExtreme/actions/runs/32228914732/job/95998899963
"19.08.26, 07:59:46",95998899967,32228914732,1,Demos Visual Tests,vue(5/5)-screenshots-fluent.blue.light,26_1,failure,Run TestCafe tests,https://github.com/DevExpress/DevExtreme/actions/runs/32228914732/job/95998899967
"19.08.26, 07:59:46",95998899975,32228914732,1,Demos Visual Tests,angular(1/10)-screenshots-fluent.blue.light,26_1,failure,Run TestCafe tests,https://github.com/DevExpress/DevExtreme/actions/runs/32228914732/job/95998899975
"19.08.26, 07:59:46",95998899986,32228914732,1,Demos Visual Tests,angular(4/10)-screenshots-fluent.blue.light,26_1,failure,Run TestCafe tests,https://github.com/DevExpress/DevExtreme/actions/runs/32228914732/job/95998899986
"19.08.26, 07:59:46",95998899991,32228914732,1,Demos Visual Tests,vue(4/5)-screenshots-fluent.blue.light,26_1,failure,Run TestCafe tests,https://github.com/DevExpress/DevExtreme/actions/runs/32228914732/job/95998899991
"19.08.26, 07:59:46",95998900003,32228914732,1,Demos Visual Tests,vue(1/5)-screenshots-fluent.blue.light,26_1,failure,Run TestCafe tests,https://github.com/DevExpress/DevExtreme/actions/runs/32228914732/job/95998900003
"19.08.26, 07:59:46",95998900012,32228914732,1,Demos Visual Tests,react(2/3)-screenshots-fluent.blue.light,26_1,failure,Run TestCafe tests,https://github.com/DevExpress/DevExtreme/actions/runs/32228914732/job/95998900012
"19.08.26, 07:59:46",95998900013,32228914732,1,Demos Visual Tests,vue(3/5)-screenshots-fluent.blue.light,26_1,failure,Run TestCafe tests,https://github.com/DevExpress/DevExtreme/actions/runs/32228914732/job/95998900013
"19.08.26, 07:59:46",95998900021,32228914732,1,Demos Visual Tests,vue(2/5)-screenshots-fluent.blue.light,26_1,failure,Run TestCafe tests,https://github.com/DevExpress/DevExtreme/actions/runs/32228914732/job/95998900021
"19.08.26, 07:59:46",95998900042,32228914732,1,Demos Visual Tests,angular(7/10)-screenshots-fluent.blue.light,26_1,failure,Run TestCafe tests,https://github.com/DevExpress/DevExtreme/actions/runs/32228914732/job/95998900042
"19.08.26, 07:59:46",95998900059,32228914732,1,Demos Visual Tests,angular(8/10)-screenshots-fluent.blue.light,26_1,failure,Run TestCafe tests,https://github.com/DevExpress/DevExtreme/actions/runs/32228914732/job/95998900059
"19.08.26, 07:59:46",95998900062,32228914732,1,Demos Visual Tests,angular(2/10)-screenshots-fluent.blue.light,26_1,failure,Run TestCafe tests,https://github.com/DevExpress/DevExtreme/actions/runs/32228914732/job/95998900062
"19.08.26, 07:59:46",95998900088,32228914732,1,Demos Visual Tests,react(1/3)-screenshots-fluent.blue.light,26_1,failure,Run TestCafe tests,https://github.com/DevExpress/DevExtreme/actions/runs/32228914732/job/95998900088
"19.08.26, 06:37:19",95980441042,32223099733,1,Demos Visual Tests,angular(8/10)-screenshots-fluent.blue.light,gh-readonly-queue/main/pr-34809-929f4d930834dcf7a36a150eba865fd40821b413,failure,Run TestCafe tests,https://github.com/DevExpress/DevExtreme/actions/runs/32223099733/job/95980441042
"19.08.26, 17:00:25",96153498862,32278471093,1,Wrappers Tests,test (angular),feature/26_2_osm-provider-for-dxmap/tiles,cancelled,Test angular,https://github.com/DevExpress/DevExtreme/actions/runs/32278471093/job/96153498862
"19.08.26, 17:00:25",96153498904,32278471093,1,Wrappers Tests,test (vue),feature/26_2_osm-provider-for-dxmap/tiles,cancelled,Test vue,https://github.com/DevExpress/DevExtreme/actions/runs/32278471093/job/96153498904
"19.08.26, 17:00:25",96153499171,32278471093,1,Wrappers Tests,test (react),feature/26_2_osm-provider-for-dxmap/tiles,cancelled,Test react,https://github.com/DevExpress/DevExtreme/actions/runs/32278471093/job/96153499171
"19.08.26, 14:51:23",96112219623,32266513397,1,Wrappers Tests,check-regenerate,feature/26_2_osm-provider-for-dxmap/tiles,failure,Check generated code,https://github.com/DevExpress/DevExtreme/actions/runs/32266513397/job/96112219623
"19.08.26, 14:45:52",96110400744,32265526158,1,Wrappers Tests,test (vue),remove_kbn_data_26_1,failure,,https://github.com/DevExpress/DevExtreme/actions/runs/32265526158/job/96110400744
"19.08.26, 11:48:28",96056878756,32249411088,1,Wrappers Tests,check-regenerate,feature/26_2_osm-provider-for-dxmap/tiles,failure,Check generated code,https://github.com/DevExpress/DevExtreme/actions/runs/32249411088/job/96056878756
"19.08.26, 11:38:01",96054259313,32248538313,1,Wrappers Tests,check-regenerate,kbn_correct_row_indexes_move_main,cancelled,Generate wrappers,https://github.com/DevExpress/DevExtreme/actions/runs/32248538313/job/96054259313
"19.08.26, 11:38:01",96054259588,32248538313,1,Wrappers Tests,build,kbn_correct_row_indexes_move_main,cancelled,Build devextreme package,https://github.com/DevExpress/DevExtreme/actions/runs/32248538313/job/96054259588
"19.08.26, 11:40:35",96054905906,32248538313,1,Wrappers Tests,test,kbn_correct_row_indexes_move_main,cancelled,,https://github.com/DevExpress/DevExtreme/actions/runs/32248538313/job/96054905906
"19.08.26, 10:33:00",96038124723,32243223811,1,Wrappers Tests,build,feature/remove-systemjs-from-demos-clean,failure,Install dependencies,https://github.com/DevExpress/DevExtreme/actions/runs/32243223811/job/96038124723
"19.08.26, 10:33:00",96038124948,32243223811,1,Wrappers Tests,check-regenerate,feature/remove-systemjs-from-demos-clean,failure,Install dependencies,https://github.com/DevExpress/DevExtreme/actions/runs/32243223811/job/96038124948
"19.08.26, 09:51:16",96027444344,32239337981,1,Wrappers Tests,test (angular),selectionController_26_1,cancelled,Post Setup nx cache,https://github.com/DevExpress/DevExtreme/actions/runs/32239337981/job/96027444344
"19.08.26, 08:12:32",96002034472,32231476513,1,Wrappers Tests,build,feature/csb-manifest,cancelled,Post Setup pnpm cache,https://github.com/DevExpress/DevExtreme/actions/runs/32231476513/job/96002034472
"19.08.26, 08:18:17",96003499321,32231476513,1,Wrappers Tests,test,feature/csb-manifest,cancelled,,https://github.com/DevExpress/DevExtreme/actions/runs/32231476513/job/96003499321
"19.08.26, 07:45:50",95995635570,32228914604,1,Wrappers Tests,test (angular),26_1,cancelled,Test angular,https://github.com/DevExpress/DevExtreme/actions/runs/32228914604/job/95995635570
"19.08.26, 07:45:50",95995635591,32228914604,1,Wrappers Tests,test (vue),26_1,cancelled,Test vue,https://github.com/DevExpress/DevExtreme/actions/runs/32228914604/job/95995635591
"19.08.26, 07:45:50",95995635622,32228914604,1,Wrappers Tests,test (react),26_1,cancelled,Test react,https://github.com/DevExpress/DevExtreme/actions/runs/32228914604/job/95995635622
"19.08.26, 16:53:16",96151344553,32278471064,1,Wrappers E2E Tests,Build DevExtreme and Wrappers,feature/26_2_osm-provider-for-dxmap/tiles,cancelled,Build all DevExtreme packages,https://github.com/DevExpress/DevExtreme/actions/runs/32278471064/job/96151344553
"19.08.26, 17:02:06",96154015308,32278471064,1,Wrappers E2E Tests,Test ${{ matrix.framework }},feature/26_2_osm-provider-for-dxmap/tiles,cancelled,,https://github.com/DevExpress/DevExtreme/actions/runs/32278471064/job/96154015308
"19.08.26, 11:38:01",96054259136,32248538290,1,Wrappers E2E Tests,Build DevExtreme and Wrappers,kbn_correct_row_indexes_move_main,cancelled,Build all DevExtreme packages,https://github.com/DevExpress/DevExtreme/actions/runs/32248538290/job/96054259136
"19.08.26, 11:40:33",96054898381,32248538290,1,Wrappers E2E Tests,Test ${{ matrix.framework }},kbn_correct_row_indexes_move_main,cancelled,,https://github.com/DevExpress/DevExtreme/actions/runs/32248538290/job/96054898381
"19.08.26, 10:33:00",96038124861,32243223834,1,Wrappers E2E Tests,Build DevExtreme and Wrappers,feature/remove-systemjs-from-demos-clean,failure,Install dependencies,https://github.com/DevExpress/DevExtreme/actions/runs/32243223834/job/96038124861
"19.08.26, 09:47:30",96026467771,32239408123,1,Wrappers E2E Tests,Build DevExtreme and Wrappers,selectionController_25_2,cancelled,Build all DevExtreme packages,https://github.com/DevExpress/DevExtreme/actions/runs/32239408123/job/96026467771
"19.08.26, 09:55:28",96028526362,32239408123,1,Wrappers E2E Tests,Test ${{ matrix.framework }},selectionController_25_2,cancelled,,https://github.com/DevExpress/DevExtreme/actions/runs/32239408123/job/96028526362
"19.08.26, 08:12:32",96002034416,32231476627,1,Wrappers E2E Tests,Build DevExtreme and Wrappers,feature/csb-manifest,cancelled,Build all DevExtreme packages,https://github.com/DevExpress/DevExtreme/actions/runs/32231476627/job/96002034416
"19.08.26, 08:18:41",96003596078,32231476627,1,Wrappers E2E Tests,Test ${{ matrix.framework }},feature/csb-manifest,cancelled,,https://github.com/DevExpress/DevExtreme/actions/runs/32231476627/job/96003596078
