date,id,workflow name,main success runs,main failure runs,main cancelled runs,main skipped runs,main retries,main min duration,main avg duration,main max duration,pr success runs,pr failure runs,pr cancelled runs,pr skipped runs,pr retries,pr min duration,pr avg duration,pr max duration
2026-07-31,_security-alerts.yml,Send dependabot new vulnerability alerts,0,0,0,0,0,0,0,0,0,1,0,0,0,"0,0002314814815","0,0002314814815","0,0002314814815"
2026-07-31,build_all.yml,Build and pack DevExtreme npm packages,15,0,1,0,0,"0,002719907407","0,009700520833","0,0165625",65,0,6,0,0,0,"0,008220164609","0,01791666667"
2026-07-31,codeql.yml,CodeQL,4,0,0,0,0,"0,01106481481","0,01232349537","0,01331018519",1,0,0,0,0,"0,02480324074","0,02480324074","0,02480324074"
2026-07-31,codeql_scheduler.yml,CodeQL (scheduler),0,0,0,0,0,0,0,0,1,0,0,0,0,"0,0001388888889","0,0001388888889","0,0001388888889"
2026-07-31,default_workflow.yml,Default Workflow,16,0,0,0,0,"0,00193287037","0,005044849537","0,008530092593",64,2,5,0,0,0,"0,004366962449","0,01116898148"
2026-07-31,demos_unit_tests.yml,Demos unit tests,16,0,0,0,0,"0,001111111111","0,001330295139","0,001516203704",68,0,3,0,0,0,"0,001203703704","0,001770833333"
2026-07-31,demos_visual_tests.yml,Demos Visual Tests,14,2,0,0,0,"0,01539351852","0,02108506944","0,03356481481",48,13,10,0,7,0,"0,01367878729","0,03100694444"
2026-07-31,labeler.yml,Label PR by changed files,0,0,0,0,0,0,0,0,64,0,0,0,0,0,"0,0002220117845","0,000787037037"
2026-07-31,lint.yml,Lint,16,0,0,0,0,"0,002858796296","0,006317997685","0,01020833333",64,1,6,0,0,0,"0,005637860082","0,0128587963"
2026-07-31,packages_publishing.yml,Publishing to GitHub Packages,4,0,0,0,0,"0,013125","0,01671006944","0,0202662037",0,1,0,0,0,"0,02753472222","0,02753472222","0,02753472222"
2026-07-31,packages_publishing_scheduler.yml,Publishing to GitHub Packages (scheduler),0,0,0,0,0,0,0,0,1,0,0,0,0,"0,0002430555556","0,0002430555556","0,0002430555556"
2026-07-31,playgrounds_tests.yml,Playgrounds tests,16,0,0,0,0,"0,004131944444","0,007170138889","0,01246527778",66,0,5,0,0,0,"0,006492734053","0,01429398148"
2026-07-31,pr-storybook-deploy.yml,PR #34601: DateRangeBox: improve typing,0,0,0,0,0,0,0,0,0,0,0,3,0,0,"0,00008101851852","0,0001157407407"
2026-07-31,pr-storybook-deploy.yml,PR #34564: Migrate QUnit tests from SystemJs,0,0,0,0,0,0,0,0,0,0,0,10,0,0,"0,00003819444444","0,0001157407407"
2026-07-31,pr-storybook-deploy.yml,PR #34509: Design System: New Fluent theme (dxdsfluent) powered by design tokens,0,0,0,0,0,0,0,0,0,0,0,10,0,0,"0,00003356481481","0,0001041666667"
2026-07-31,pr-storybook-deploy.yml,PR #34599: Grids: fix line height in QUnit tests (virtual scrolling),0,0,0,0,0,0,0,0,0,0,0,4,0,0,"0,00001157407407","0,00001157407407"
2026-07-31,pr-storybook-deploy.yml,PR Storybook - Preview,0,0,0,0,0,0,0,0,0,0,0,0,0,0,0,0
2026-07-31,pr-storybook-deploy.yml,PR #34598: DateBox strategies: improve typing,0,0,0,0,0,0,0,0,0,0,0,4,0,0,"0,00001157407407","0,00001157407407"
2026-07-31,pr-storybook-deploy.yml,PR #34597: Global format config: improve typescript typing,0,0,0,0,0,0,0,0,0,0,0,4,0,0,"0,00001446759259","0,00002314814815"
2026-07-31,pr-storybook-deploy.yml,PR #34592: PivotGrid - A11y: do not describe standard hotkeys in the fields description,0,0,0,0,0,0,0,0,0,0,0,1,0,0,"0,00002314814815","0,00002314814815"
2026-07-31,pr-storybook-deploy.yml,PR #34596: Global format config: improve typing,0,0,0,0,0,0,0,0,0,0,0,3,0,0,"0,00003472222222","0,00008101851852"
2026-07-31,pr-storybook-deploy.yml,PR #34591: Scheduler: remove _newAppointments flag and the unfinished appointments implementation,0,0,0,0,0,0,0,0,0,0,0,3,0,0,"0,00005015432099","0,0001157407407"
2026-07-31,pr-storybook-deploy.yml,PR #34593: Global format config: improve typing,0,0,0,0,0,0,0,0,0,0,0,3,0,0,"0,00001543209877","0,00002314814815"
2026-07-31,pr-storybook-deploy.yml,PR #34595: PivotGrid - A11y: show a full focus outline on the field panel fields,0,0,0,0,0,0,0,0,0,0,0,3,0,0,"0,00001929012346","0,00002314814815"
2026-07-31,pr-storybook-deploy.yml,PR #34592: PivotGrid - A11y: do not describe the standard Shift + F10 hotkey in the fields description,0,0,0,0,0,0,0,0,0,0,0,4,0,0,"0,00003761574074","0,0001157407407"
2026-07-31,pr-storybook-deploy.yml,PR #34533: PivotGrid - A11y: show a focus outline on the toolbar buttons,0,0,0,0,0,0,0,0,0,0,0,1,0,0,"0,00001157407407","0,00001157407407"
2026-07-31,pr-storybook-deploy.yml,PR #34589: Grids: support compound keys in AI Column,0,0,0,0,0,0,0,0,0,0,0,1,0,0,"0,00001157407407","0,00001157407407"
2026-07-31,pr-storybook-deploy.yml,PR #34588: Cherry-pick #34560 to 26_1: WG Demos - Update editorType/widget import statements for Grid-related demos,0,0,0,0,0,0,0,0,0,0,0,5,0,0,"0,00003240740741","0,0001041666667"
2026-07-31,pr-storybook-deploy.yml,PR #34589: Grids: support compound keys in AI Column (#34520),0,0,0,0,0,0,0,0,0,0,0,3,0,0,"0,00001157407407","0,00001157407407"
2026-07-31,pr-storybook-deploy.yml,PR #34588: cherry-pick/34560 WG Demos - Update editorType/widget import statements for Grid-related demos,0,0,0,0,0,0,0,0,0,0,0,1,0,0,"0,00008101851852","0,00008101851852"
2026-07-31,pr-storybook-deploy.yml,PR #34520: Grids: support compound keys in AI Column,0,0,0,0,0,0,0,0,0,0,0,1,0,0,"0,0001273148148","0,0001273148148"
2026-07-31,pr-storybook-deploy.yml,"PR #34586: DataGrid: Use Fluent theme in QUnit (exceljs.dataGrid, exceljs.pivotGrid, jspdf.dataGrid_part2)",0,0,0,0,0,0,0,0,0,0,0,3,0,0,"0,00001929012346","0,00002314814815"
2026-07-31,pr-storybook-deploy.yml,PR #34532: PivotGrid - Name the macOS Option key alongside Alt in the field keyboard hint,0,0,0,0,0,0,0,0,0,0,0,1,0,0,"0,00001157407407","0,00001157407407"
2026-07-31,pr-storybook-deploy.yml,PR #34581: chore: remove gulp traces and stale testcafe runner,0,0,0,0,0,0,0,0,0,0,0,2,0,0,"0,00001157407407","0,00001157407407"
2026-07-31,pr-storybook-deploy.yml,"PR #34584: DataGrid: Use Fluent theme in QUnit (exceljs.dataGrid, exceljs.pivotGrid, jspdf.dataGrid_part2)",0,0,0,0,0,0,0,0,0,0,0,3,0,0,"0,00001543209877","0,00002314814815"
2026-07-31,pr-storybook-deploy.yml,PR #34523: Scheduler: remove _newAppointments flag and the unfinished appointments implementation,0,0,0,0,0,0,0,0,0,0,0,2,0,0,"0,00001157407407","0,00001157407407"
2026-07-31,pr-storybook-deploy.yml,PR #34580: DataGrid - QUnit tests: ensure compatibility with Fluent and drop Generic theme testing ,0,0,0,0,0,0,0,0,0,0,1,4,0,"0,00008101851852","0,00005787037037","0,000150462963"
2026-07-31,pr-storybook-deploy.yml,PR #34582: T1332912 - DataGrid - Focused row indicator is duplicated when navigating between grouped rows with repaintChangesOnly,0,0,0,0,0,0,0,0,0,0,1,3,0,"0,00001157407407","0,00001446759259","0,00002314814815"
2026-07-31,pr-storybook-deploy.yml,PR #34573: T1332912 - DataGrid - Focused row indicator is duplicated when navigating between grouped rows with repaintChangesOnly,0,0,0,0,0,0,0,0,0,0,0,2,0,0,"0,00006365740741","0,0001157407407"
2026-07-31,pr-storybook-deploy.yml,PR #34560: WG Demos - Update editorType/widget import statements for Grid-related widget demos,0,0,0,0,0,0,0,0,0,0,0,1,0,0,"0,00001157407407","0,00001157407407"
2026-07-31,pr-storybook-deploy.yml,PR #34568: DataGrid: Use Fluent theme in QUnit (editing),0,0,0,0,0,0,0,0,0,0,0,1,0,0,"0,0001157407407","0,0001157407407"
2026-07-31,pr-storybook-deploy.yml,PR #34566: DataGrid: Use Fluent theme in QUnit (editing),0,0,0,0,0,0,0,0,0,0,0,1,0,0,"0,00001157407407","0,00001157407407"
2026-07-31,pr-storybook-deploy.yml,PR #34565: Cherry-pick #34545 to 26_1: WG Demos - Update editorType/widget import statements in components,0,0,0,1,0,0,"0,00001157407407","0,00001157407407",0,0,0,0,0,0,0,0
2026-07-31,pr-storybook-deploy.yml,PR #34572: SBOM: add required package.json fields,0,0,0,0,0,0,0,0,0,0,0,1,0,0,"0,00001157407407","0,00001157407407"
2026-07-31,pr-storybook-deploy.yml,PR #34538: DataGrid - QUnit tests: ensure compatibility with Fluent and drop Generic theme testing,0,0,0,0,0,0,0,0,0,0,0,1,0,0,"0,00008101851852","0,00008101851852"
2026-07-31,pr-storybook-deploy.yml,PR #34574: License: remove unplugin and license plugin (#34567),0,0,0,0,0,0,0,0,0,0,0,1,0,0,"0,00002314814815","0,00002314814815"
2026-07-31,qunit_tests.yml,QUnit tests,16,0,0,0,0,"0,006030092593","0,00923755787","0,01621527778",59,6,6,0,2,0,"0,008177726337","0,0152662037"
2026-07-31,renovate_autoapprove.yml,Auto approve renovate bot PR,0,0,0,0,0,0,0,0,64,0,0,0,0,0,"0,0001066217733","0,0002662037037"
2026-07-31,renovation.yml,Jest tests,16,0,0,0,0,"0,003449074074","0,005326967593","0,009918981481",65,0,6,0,0,0,"0,005319733796","0,01284722222"
2026-07-31,repository-check.yml,Repository Check,16,0,0,0,0,"0,0005902777778","0,001000434028","0,0015625",13,0,0,0,0,"0,0006134259259","0,001067485755","0,003055555556"
2026-07-31,styles.yml,Styles tests,16,0,0,0,0,"0,0009490740741","0,001694155093","0,003888888889",68,0,3,0,0,0,"0,00171408822","0,003726851852"
2026-07-31,testcafe_tests.yml,TestCafe tests,14,2,0,0,0,"0,009363425926","0,01334201389","0,02246527778",49,11,11,0,6,0,"0,01261445473","0,03797453704"
2026-07-31,themebuilder_tests.yml,Themebuilder and Styles tests,16,0,0,0,0,"0,001099537037","0,00296947338","0,005497685185",66,1,4,0,0,0,"0,002773598251","0,006377314815"
2026-07-31,ts_declarations.yml,TS Declarations,16,0,0,0,0,"0,001076388889","0,001977719907","0,003958333333",68,0,3,0,1,0,"0,001787712191","0,007025462963"
2026-07-31,wrapper_tests.yml,Wrappers Tests,13,1,2,0,0,"0,002696759259","0,01349754051","0,02673611111",63,0,8,0,2,0,"0,009768518519","0,02122685185"
2026-07-31,wrapper_tests_e2e.yml,Wrappers E2E Tests,16,0,0,0,0,"0,005428240741","0,009142071759","0,0169212963",65,0,6,0,0,0,"0,007831147119","0,01528935185"
